,output_56_r1_avg_train_loss,output_56_r1_train_accuracy,output_56_r1_avg_valid_loss,output_56_r1_valid_accuracy,output_56_r4_avg_train_loss,output_56_r4_train_accuracy,output_56_r4_avg_valid_loss,output_56_r4_valid_accuracy,output_56_r10_avg_train_loss,output_56_r10_train_accuracy,output_56_r10_avg_valid_loss,output_56_r10_valid_accuracy,output_56_r100_avg_train_loss,output_56_r100_train_accuracy,output_56_r100_avg_valid_loss,output_56_r100_valid_accuracy,output_28_r1_avg_train_loss,output_28_r1_train_accuracy,output_28_r1_avg_valid_loss,output_28_r1_valid_accuracy,output_28_r4_avg_train_loss,output_28_r4_train_accuracy,output_28_r4_avg_valid_loss,output_28_r4_valid_accuracy,output_28_r10_avg_train_loss,output_28_r10_train_accuracy,output_28_r10_avg_valid_loss,output_28_r10_valid_accuracy,output_28_r100_avg_train_loss,output_28_r100_train_accuracy,output_28_r100_avg_valid_loss,output_28_r100_valid_accuracy,output_14_r1_avg_train_loss,output_14_r1_train_accuracy,output_14_r1_avg_valid_loss,output_14_r1_valid_accuracy,output_14_r4_avg_train_loss,output_14_r4_train_accuracy,output_14_r4_avg_valid_loss,output_14_r4_valid_accuracy,output_14_r10_avg_train_loss,output_14_r10_train_accuracy,output_14_r10_avg_valid_loss,output_14_r10_valid_accuracy,output_14_r100_avg_train_loss,output_14_r100_train_accuracy,output_14_r100_avg_valid_loss,output_14_r100_valid_accuracy,output_7_r1_avg_train_loss,output_7_r1_train_accuracy,output_7_r1_avg_valid_loss,output_7_r1_valid_accuracy,output_7_r4_avg_train_loss,output_7_r4_train_accuracy,output_7_r4_avg_valid_loss,output_7_r4_valid_accuracy,output_7_r10_avg_train_loss,output_7_r10_train_accuracy,output_7_r10_avg_valid_loss,output_7_r10_valid_accuracy,output_7_r100_avg_train_loss,output_7_r100_train_accuracy,output_7_r100_avg_valid_loss,output_7_r100_valid_accuracy
0,1.8307723999023438,78.685,4.61142110824585,91.83,2.6109347343444824,40.08,4.963689804077148,75.44999999999999,2.3786325454711914,45.6,5.170082092285156,79.55,3.0971100330352783,9.333333333333334,2.6215033531188965,9.77,2.07348895072937,67.51333333333334,4.710461616516113,89.68,2.5514156818389893,21.94,4.170386791229248,58.720000000000006,2.401027202606201,26.516666666666666,4.601316928863525,69.81,6.167049407958984,9.833333333333332,5.210655689239502,9.790000000000001,2.1008172035217285,68.51333333333334,4.207129955291748,87.38,2.8798828125,11.566666666666666,3.1370646953582764,22.62,2.6697804927825928,13.25,3.1372263431549072,31.840000000000003,3.37772274017334,9.666666666666666,2.817018508911133,9.77,2.3204007148742676,28.866666666666667,3.24160099029541,55.7,3.016822576522827,9.953333333333333,2.7648892402648926,9.78,2.6910243034362793,9.866666666666667,2.6796412467956543,9.879999999999999,3.992051362991333,9.5,3.106147289276123,9.790000000000001
1,1.113602638244629,92.795,4.437547206878662,93.66,2.200593948364258,83.07333333333334,5.081515312194824,89.14999999999999,2.120453119277954,84.83333333333334,4.929034233093262,89.01,2.0773191452026367,11.0,3.0227229595184326,15.909999999999998,1.2752736806869507,90.40333333333334,4.469107627868652,91.66,2.2441859245300293,74.44666666666667,5.159629821777344,83.23,2.278548002243042,77.03333333333333,5.103935241699219,83.88,3.840409994125366,8.333333333333332,3.0853028297424316,9.19,1.6955156326293945,87.58333333333333,4.0564775466918945,89.08,2.1699788570404053,56.42,4.015603065490723,73.50999999999999,2.12618350982666,61.33333333333333,4.091654300689697,74.5,2.627107620239258,9.5,2.6657874584198,9.8,2.142216682434082,60.04833333333334,3.339414596557617,64.2,2.1472384929656982,11.4,2.911398410797119,17.76,2.057868003845215,12.133333333333333,2.855905532836914,20.5,2.8879165649414062,9.0,2.8944520950317383,9.8
2,0.9302287697792053,94.105,4.420146942138672,94.73,1.805088996887207,89.51333333333334,4.935893535614014,90.75999999999999,1.7039157152175903,89.33333333333333,4.823618412017822,90.52,1.8116482496261597,22.166666666666668,3.3023674488067627,33.98,1.0295826196670532,92.01666666666667,4.485990047454834,92.64,2.0514025688171387,86.34666666666668,5.019216537475586,88.14,1.9730396270751953,85.88333333333334,5.0653767585754395,88.64,2.579594612121582,10.0,2.8102519512176514,10.42,1.516208291053772,89.525,4.035287380218506,90.55,2.2598116397857666,75.28666666666666,4.261800765991211,76.3,2.2386441230773926,74.86666666666667,4.206616401672363,78.35,2.4406795501708984,9.833333333333332,2.5610971450805664,9.78,2.097001552581787,66.28166666666667,3.3719446659088135,70.04,2.058506965637207,30.28666666666667,3.006661891937256,39.56,2.053483247756958,35.46666666666667,3.038038730621338,46.87,2.687593698501587,9.833333333333332,2.750061511993408,9.790000000000001
3,0.8444088697433472,94.95666666666666,4.3923258781433105,95.17999999999999,1.5095971822738647,91.28,4.745567798614502,91.74,1.4166514873504639,90.78333333333333,4.786593914031982,91.66,1.8527543544769287,47.16666666666667,3.903951406478882,57.199999999999996,0.9212419390678406,92.975,4.545077323913574,93.46,1.6959834098815918,88.66000000000001,4.839681625366211,89.92999999999999,1.6462922096252441,88.6,4.826261520385742,89.49000000000001,2.165651798248291,10.333333333333334,3.03001070022583,10.85,1.4163795709609985,90.71333333333334,3.961700916290283,91.34,2.161644697189331,79.32000000000001,4.345102787017822,83.23,2.165574073791504,78.28333333333333,4.311202049255371,79.03,2.2980237007141113,9.666666666666666,2.5624215602874756,9.76,2.020554304122925,70.82666666666667,3.327744722366333,73.36,2.106093645095825,41.82666666666667,3.2315328121185303,45.06,2.135854959487915,53.68333333333334,3.1732630729675293,54.87,2.564246416091919,10.0,2.6078715324401855,9.78
4,0.7908393144607544,95.54333333333334,4.320792198181152,95.67,1.3293646574020386,92.13333333333334,4.66678524017334,92.23,1.252185583114624,91.85,4.645294666290283,92.0,2.018023729324341,61.16666666666667,4.461211204528809,65.57,0.8571151494979858,93.79666666666667,4.51677942276001,94.17999999999999,1.4684090614318848,89.86666666666666,4.689069747924805,90.5,1.4541635513305664,89.73333333333333,4.7070088386535645,90.12,2.0062334537506104,12.166666666666668,3.3564391136169434,15.86,1.3466026782989502,91.36333333333333,4.036228656768799,92.11,2.034837245941162,83.14666666666668,4.248301982879639,84.69,2.0574629306793213,80.86666666666666,4.227930545806885,83.8,2.164506435394287,9.833333333333332,2.684767007827759,9.8,1.9686038494110107,74.87833333333333,3.403738498687744,77.14,2.1129491329193115,46.74666666666666,3.2715890407562256,48.339999999999996,2.132634401321411,58.833333333333336,3.334399938583374,61.199999999999996,2.4727280139923096,9.833333333333332,2.5955843925476074,9.78
5,0.7543767690658569,96.11833333333333,4.332564353942871,96.24000000000001,1.207444190979004,92.68666666666667,4.593937397003174,92.75999999999999,1.1569831371307373,92.65,4.514593124389648,92.5,2.3150556087493896,70.66666666666667,4.668386459350586,74.25,0.8022385835647583,94.33500000000001,4.43549919128418,94.53,1.3162544965744019,90.64666666666666,4.641721725463867,91.03,1.3229809999465942,90.41666666666667,4.58406400680542,90.67,1.9707565307617188,20.666666666666668,3.6226494312286377,24.88,1.2994415760040283,92.05499999999999,3.9667582511901855,92.12,1.929163932800293,84.95333333333333,4.206039905548096,86.22,1.9747424125671387,84.13333333333334,4.244429588317871,86.02,2.0791168212890625,10.0,2.7942280769348145,11.41,1.9306107759475708,77.425,3.3690550327301025,79.72,2.09391450881958,50.693333333333335,3.2478549480438232,50.470000000000006,2.144179105758667,62.050000000000004,3.257308006286621,62.78,2.394444465637207,9.166666666666666,2.6569197177886963,9.78
6,0.7259532809257507,96.58166666666666,4.3178863525390625,96.39999999999999,1.1192409992218018,93.26666666666667,4.579692840576172,92.83,1.087654948234558,93.5,4.603498458862305,93.16,2.3575470447540283,76.16666666666667,5.35813570022583,79.42,0.7643909454345703,94.80333333333333,4.465704441070557,95.12,1.224326252937317,91.4,4.57016134262085,91.23,1.2321748733520508,91.03333333333333,4.736428737640381,91.03999999999999,2.087151527404785,31.666666666666664,3.9291582107543945,33.52,1.25729501247406,92.40833333333333,3.9199378490448,92.22,1.841733455657959,86.33333333333333,4.203115463256836,86.76,1.8968846797943115,85.41666666666666,4.171292304992676,85.64,2.049765110015869,16.166666666666664,2.9659132957458496,17.91,1.8889716863632202,79.105,3.352454662322998,81.07,2.0714051723480225,52.72666666666667,3.2363669872283936,52.81,2.1399569511413574,64.64999999999999,3.365507125854492,66.42,2.298959732055664,9.833333333333332,2.5976462364196777,9.78
7,0.7029378414154053,96.885,4.323485851287842,96.65,1.0538935661315918,93.7,4.520578861236572,93.4,1.030503749847412,94.21666666666667,4.548866271972656,92.94,2.4381048679351807,81.66666666666667,5.501095294952393,82.0,0.7306995391845703,95.19999999999999,4.452205657958984,95.3,1.1382802724838257,91.81333333333333,4.605424880981445,91.52,1.1657049655914307,91.78333333333333,4.636118412017822,91.53999999999999,2.0779032707214355,40.666666666666664,3.967247247695923,45.96,1.2253831624984741,92.80833333333334,3.9638609886169434,92.78999999999999,1.7790557146072388,86.86,4.216123104095459,88.31,1.8136200904846191,86.58333333333333,4.179529190063477,86.61,1.9805264472961426,21.333333333333336,3.0367937088012695,22.91,1.8578379154205322,80.05,3.360011100769043,82.05,2.065523862838745,54.946666666666665,3.2700798511505127,60.129999999999995,2.128035306930542,65.86666666666666,3.3856236934661865,66.4,2.247800588607788,9.5,2.640549898147583,9.78
8,0.6867948174476624,97.18666666666667,4.315133094787598,96.89999999999999,1.0041990280151367,93.94666666666667,4.442217826843262,93.65,0.980636477470398,94.33333333333334,4.4930195808410645,93.47,2.3527519702911377,84.66666666666667,5.535582542419434,84.85000000000001,0.7063593864440918,95.54333333333334,4.419589996337891,95.46,1.0821720361709595,92.02666666666667,4.546302795410156,91.75999999999999,1.0937248468399048,92.43333333333334,4.61950159072876,91.60000000000001,2.206981658935547,56.833333333333336,4.257970809936523,59.57,1.19819176197052,93.05166666666666,3.957354784011841,93.0,1.725629448890686,87.74,4.153555393218994,88.42,1.7660579681396484,87.26666666666667,4.181650638580322,87.92999999999999,2.022920846939087,26.0,3.085737466812134,29.03,1.830033302307129,81.08,3.3384697437286377,81.94,2.0936529636383057,63.83333333333333,3.3322479724884033,65.71000000000001,2.1180734634399414,66.81666666666666,3.3841397762298584,67.27,2.207261562347412,8.833333333333334,2.724287509918213,9.790000000000001
9,0.6698896288871765,97.44333333333334,4.317432403564453,97.00999999999999,0.9598032236099243,94.39999999999999,4.512015342712402,94.04,0.9410644769668579,95.1,4.495162010192871,93.57,2.373199462890625,86.5,5.562863826751709,85.71,0.6856381297111511,95.82333333333334,4.42425012588501,95.85000000000001,1.0393489599227905,92.52,4.581753253936768,92.12,1.0449965000152588,92.9,4.585937023162842,92.07,2.29423451423645,70.0,4.580634117126465,69.42,1.1747901439666748,93.52000000000001,3.907831907272339,93.36,1.680299997329712,88.13333333333333,4.143967151641846,88.7,1.715118408203125,87.68333333333334,4.16482400894165,87.92999999999999,1.9640191793441772,33.83333333333333,3.1746246814727783,34.65,1.8004374504089355,81.35333333333334,3.333411931991577,83.07,2.102050304412842,66.72666666666667,3.371354341506958,68.88,2.092651605606079,67.51666666666667,3.415269136428833,68.97999999999999,2.143312454223633,9.833333333333332,2.716224431991577,9.77
10,0.6572607755661011,97.665,4.2818827629089355,97.07000000000001,0.9220662117004395,94.88666666666667,4.444711208343506,94.16,0.918979287147522,95.39999999999999,4.520747661590576,93.7,2.3026978969573975,86.83333333333333,5.444820404052734,86.18,0.6674327254295349,96.12333333333333,4.423537731170654,95.97,0.9922273755073547,92.78666666666666,4.584856986999512,92.39,1.013026237487793,93.2,4.549581527709961,92.28,2.4093143939971924,74.66666666666667,4.991201877593994,74.58,1.1551215648651123,93.69,4.00954008102417,93.8,1.6397207975387573,88.51333333333334,4.104185104370117,88.92,1.6953119039535522,88.16666666666667,4.09128999710083,87.52,1.9810036420822144,41.833333333333336,3.2546279430389404,44.2,1.778379201889038,81.74166666666667,3.304506301879883,83.00999999999999,2.090590715408325,68.04666666666667,3.386082649230957,69.34,2.063704490661621,68.06666666666666,3.3662919998168945,68.69,2.0896904468536377,10.166666666666666,2.675607204437256,9.85
11,0.6455978751182556,97.845,4.294186115264893,97.38,0.8906710147857666,95.02666666666667,4.435586452484131,94.45,0.8863795399665833,95.93333333333334,4.469328880310059,94.15,2.1930019855499268,89.5,5.940572261810303,86.61,0.6516692042350769,96.29333333333334,4.459827423095703,96.23,0.9608962535858154,93.18666666666667,4.5068464279174805,92.55,0.9732421636581421,93.76666666666667,4.6750617027282715,92.35,2.425379514694214,80.83333333333333,5.2414774894714355,77.05,1.140068769454956,93.98166666666667,3.9850776195526123,93.89999999999999,1.6138770580291748,88.88000000000001,4.0671515464782715,89.39,1.6471128463745117,88.23333333333333,4.201471328735352,88.58,1.9917494058609009,51.66666666666667,3.353745698928833,54.06999999999999,1.7513436079025269,81.88166666666666,3.3256328105926514,83.36,2.090541362762451,69.36666666666666,3.4114584922790527,70.02000000000001,2.0445058345794678,68.88333333333333,3.376131534576416,70.07,2.076202630996704,9.666666666666666,2.7672505378723145,9.959999999999999
12,0.637186586856842,97.97833333333334,4.2699503898620605,97.42,0.8713526725769043,95.28,4.382289409637451,94.47,0.853479266166687,96.03333333333333,4.47037410736084,94.0,2.2029311656951904,90.5,5.528458595275879,86.77,0.6355779767036438,96.54166666666667,4.445192813873291,96.21,0.9416060447692871,93.34666666666666,4.522170066833496,92.61,0.9483153820037842,93.91666666666667,4.578581809997559,92.51,2.6547863483428955,83.0,5.632228851318359,79.84,1.1230255365371704,94.20666666666668,3.9617998600006104,94.16,1.5748742818832397,89.24,4.045042991638184,89.67,1.6166377067565918,88.83333333333333,4.146049499511719,88.56,2.0445635318756104,62.16666666666667,3.454880952835083,65.31,1.7339787483215332,82.31666666666668,3.2986152172088623,83.77,2.065227746963501,70.39333333333333,3.396282196044922,71.23,2.0326626300811768,69.86666666666666,3.3865654468536377,70.95,2.0372321605682373,9.833333333333332,2.719900369644165,10.14
13,0.627695620059967,98.18,4.302420616149902,97.34,0.8420698642730713,95.54666666666667,4.433283805847168,94.45,0.8283615708351135,96.48333333333333,4.468970775604248,94.31,1.997131109237671,89.16666666666667,5.462941646575928,87.26,0.6221179366111755,96.73,4.437140941619873,96.41999999999999,0.9078084826469421,93.72,4.537238597869873,93.03,0.9221702218055725,94.39999999999999,4.560704708099365,92.61,2.6780900955200195,85.16666666666667,5.6150803565979,81.96,1.1102290153503418,94.42,3.983751058578491,94.42,1.5480802059173584,89.49333333333334,4.056042194366455,89.74,1.5885034799575806,89.23333333333333,4.168887615203857,89.09,2.068789482116699,68.83333333333333,3.5808298587799072,69.8,1.7198622226715088,82.71166666666666,3.2808215618133545,84.19,2.0397610664367676,71.26,3.4072883129119873,72.46000000000001,2.005593776702881,70.65,3.369544506072998,72.36,2.0147335529327393,10.0,2.8144044876098633,11.559999999999999
14,0.6181899905204773,98.27166666666668,4.315108776092529,97.55,0.8259536623954773,95.86,4.384252548217773,94.78999999999999,0.8089736104011536,96.66666666666667,4.5279765129089355,94.46,2.000718116760254,90.66666666666666,5.601001739501953,87.28,0.6126337051391602,96.88,4.396218299865723,96.48,0.8924127817153931,93.84,4.494019985198975,93.17999999999999,0.905898928642273,94.66666666666667,4.611522197723389,92.82000000000001,2.5892035961151123,88.0,5.7286458015441895,82.62,1.0989758968353271,94.705,3.9477055072784424,94.48,1.517757773399353,89.79333333333334,4.086803436279297,90.0,1.5565265417099,89.45,4.0507025718688965,89.11,2.067131996154785,73.5,3.7071170806884766,73.50999999999999,1.70537531375885,82.935,3.252993106842041,84.16,2.0194284915924072,72.44,3.399415969848633,73.53,2.000128746032715,72.08333333333333,3.3815250396728516,73.21,1.9956563711166382,13.833333333333334,2.8091254234313965,14.29
15,0.6108080744743347,98.395,4.293639659881592,97.59,0.8048288822174072,96.00666666666666,4.398545742034912,94.83,0.7969135046005249,96.93333333333334,4.458499908447266,94.44,1.8856233358383179,91.16666666666666,5.525101661682129,88.09,0.601824164390564,97.08833333333334,4.405269622802734,96.64,0.8659614324569702,94.19333333333333,4.546209812164307,93.33,0.8808591365814209,94.76666666666667,4.629522800445557,92.96,2.5665619373321533,87.83333333333333,5.848092555999756,83.43,1.0888625383377075,94.80499999999999,3.9368772506713867,94.54,1.4927725791931152,90.0,4.109871864318848,90.31,1.534738540649414,89.91666666666667,4.079270839691162,89.23,2.109438180923462,76.83333333333333,3.888826370239258,75.64,1.6937973499298096,83.19,3.271557092666626,84.55,2.0111405849456787,73.68,3.392301559448242,74.65,1.9930448532104492,73.03333333333333,3.34072208404541,73.53,2.0029945373535156,16.5,2.9008023738861084,19.040000000000003
16,0.6048877239227295,98.49833333333333,4.305553913116455,97.55,0.7894467711448669,96.25333333333333,4.394390106201172,94.88,0.7767186164855957,97.21666666666667,4.513673782348633,94.69,1.8438464403152466,91.33333333333333,5.659414768218994,87.72999999999999,0.592038094997406,97.29333333333334,4.4088850021362305,96.83,0.8529458045959473,94.29333333333332,4.540783882141113,93.46,0.8561873435974121,95.03333333333333,4.596415042877197,93.05,2.5864574909210205,88.83333333333333,5.944326877593994,84.44,1.079055905342102,94.98333333333333,3.955735445022583,94.78,1.482448697090149,90.42,4.070765018463135,90.09,1.4994421005249023,90.01666666666667,4.094865322113037,89.95,2.113130807876587,79.33333333333333,4.056504726409912,76.39,1.6833264827728271,83.62666666666667,3.3197319507598877,84.87,1.9943034648895264,74.36,3.3817100524902344,75.33,1.9786837100982666,74.16666666666667,3.3487894535064697,74.81,1.9877207279205322,20.833333333333336,2.813297748565674,22.25
17,0.597959041595459,98.63333333333333,4.3165693283081055,97.61,0.7769590020179749,96.32,4.4423112869262695,95.14,0.7638095617294312,97.43333333333334,4.371912479400635,94.5,1.7449822425842285,91.83333333333333,5.447052001953125,88.36,0.5853242874145508,97.45,4.394442558288574,96.74000000000001,0.8373000621795654,94.62,4.537650108337402,93.66,0.8553353548049927,95.33333333333334,4.667054653167725,93.17999999999999,2.5562613010406494,89.83333333333333,5.930953502655029,84.78,1.070825219154358,95.18666666666667,3.943833589553833,94.8,1.4588273763656616,90.66666666666666,4.041029930114746,90.58,1.4908812046051025,90.23333333333333,4.105082035064697,89.97,2.2570221424102783,78.66666666666666,4.100164413452148,76.78,1.6717864274978638,83.83333333333334,3.299483060836792,84.63000000000001,1.9770472049713135,75.06,3.3818421363830566,76.24,1.977030634880066,75.46666666666667,3.3433079719543457,75.41,1.9883490800857544,27.166666666666668,2.8835651874542236,29.25
18,0.5902531743049622,98.67833333333334,4.291742324829102,97.72999999999999,0.7649548649787903,96.52666666666667,4.362916469573975,95.15,0.7433024048805237,97.36666666666667,4.499554634094238,94.62,1.7924959659576416,91.83333333333333,5.448138236999512,88.18,0.5775415301322937,97.62333333333333,4.436171531677246,96.89,0.8250701427459717,94.74000000000001,4.502307891845703,93.67,0.8342556357383728,95.5,4.5992560386657715,93.22,2.481940269470215,89.5,5.814702033996582,85.17,1.0608991384506226,95.35,3.936677932739258,94.81,1.4408886432647705,90.89333333333333,4.096317291259766,90.83,1.4665858745574951,90.46666666666667,4.0391316413879395,89.75,2.2242319583892822,79.33333333333333,4.269754409790039,77.98,1.6634031534194946,84.135,3.2907121181488037,84.89,1.9708219766616821,75.67333333333333,3.374972343444824,76.69,1.9696654081344604,76.64999999999999,3.439415216445923,78.03999999999999,1.9958261251449585,32.666666666666664,2.8927392959594727,35.89
19,0.5848343968391418,98.74833333333333,4.410135269165039,97.7,0.7512946128845215,96.68666666666667,4.396542549133301,95.36,0.7342966198921204,97.73333333333333,4.471627235412598,94.87,1.6376736164093018,92.0,5.34008264541626,88.56,0.5679881572723389,97.65666666666667,4.460600852966309,96.94,0.8149474263191223,94.90666666666667,4.554139137268066,93.82000000000001,0.8213879466056824,95.8,4.620469570159912,93.32000000000001,2.445920705795288,90.33333333333333,5.99412727355957,85.3,1.0548298358917236,95.43166666666667,3.9979844093322754,94.94,1.4262984991073608,91.27333333333333,4.085019588470459,91.23,1.4560458660125732,90.55,4.077023029327393,89.79,2.227555274963379,81.16666666666667,4.280026435852051,78.82000000000001,1.6524609327316284,84.12333333333333,3.2760214805603027,85.21,1.9613937139511108,76.64666666666666,3.357067346572876,77.57,1.9638999700546265,77.55,3.3918182849884033,78.68,1.99259352684021,38.333333333333336,2.8824005126953125,37.92
20,0.5788182020187378,98.83166666666666,4.334286689758301,97.61999999999999,0.7429035902023315,96.85333333333334,4.435716152191162,95.3,0.7190016508102417,97.83333333333334,4.377019882202148,94.83,1.599824070930481,92.33333333333333,5.4823899269104,88.79,0.5627183318138123,97.83,4.411147117614746,97.15,0.7970803380012512,94.94,4.518667221069336,94.0,0.8041757941246033,95.98333333333333,4.570134162902832,93.37,2.471825361251831,89.33333333333333,5.8083906173706055,85.39999999999999,1.0483614206314087,95.56666666666666,3.9540491104125977,94.85,1.4155887365341187,91.40666666666667,4.06576681137085,91.07,1.4380838871002197,90.95,4.135849952697754,90.31,2.1996750831604004,83.16666666666667,4.322432041168213,79.62,1.646453857421875,84.31666666666666,3.2950847148895264,85.57000000000001,1.9523717164993286,77.70666666666666,3.375164031982422,78.68,1.954345464706421,78.56666666666666,3.434988260269165,78.82000000000001,1.9934182167053223,39.83333333333333,2.9614930152893066,40.45
21,0.5733701586723328,98.925,4.358635902404785,97.74000000000001,0.7323523759841919,97.03333333333333,4.382414817810059,95.54,0.7090027332305908,97.96666666666667,4.482413291931152,95.09,1.6198158264160156,92.33333333333333,5.455338478088379,88.85,0.5569838881492615,97.95,4.391722202301025,97.11999999999999,0.7885056138038635,95.27333333333333,4.542294025421143,94.05,0.784696638584137,96.28333333333333,4.613382816314697,93.44,2.294170379638672,90.0,5.7318830490112305,85.58,1.0427266359329224,95.71499999999999,3.9797143936157227,95.28999999999999,1.3956512212753296,91.57333333333332,4.072997093200684,91.25,1.4268180131912231,91.28333333333333,4.08131742477417,90.46,2.226980686187744,81.33333333333333,4.2950215339660645,80.76,1.638479232788086,84.475,3.2585818767547607,85.17,1.9367597103118896,77.98,3.4132883548736572,78.78,1.9426432847976685,79.13333333333334,3.403412342071533,79.43,1.9942251443862915,42.833333333333336,2.97930908203125,44.04
22,0.5684548020362854,98.98166666666667,4.34773588180542,97.85000000000001,0.7194923162460327,97.18666666666667,4.430765151977539,95.63000000000001,0.6943425536155701,98.08333333333333,4.396292209625244,94.97,1.5302841663360596,93.0,5.406087875366211,88.99000000000001,0.5512679219245911,98.03,4.4446234703063965,97.19,0.7786270976066589,95.32000000000001,4.576722621917725,94.1,0.7769268155097961,96.46666666666667,4.562488555908203,93.63,2.2125236988067627,90.83333333333333,5.744251251220703,85.46000000000001,1.0372668504714966,95.80333333333333,3.9493613243103027,95.33,1.388093113899231,91.52,4.067611217498779,91.33,1.4081529378890991,91.78333333333333,4.1034016609191895,90.38000000000001,2.166245460510254,84.83333333333334,4.3441619873046875,81.97,1.631500005722046,84.6,3.282993793487549,85.53,1.9279818534851074,78.24,3.3563315868377686,78.14,1.9302083253860474,79.78333333333333,3.3569250106811523,79.03,1.9910136461257935,46.666666666666664,3.0172486305236816,46.839999999999996
23,0.5632818937301636,99.08166666666666,4.378461837768555,97.78999999999999,0.7159287929534912,97.29333333333334,4.383930206298828,95.74000000000001,0.6858028769493103,98.15,4.502691268920898,95.1,1.4401048421859741,93.16666666666666,5.436732769012451,89.03,0.5443570017814636,98.16166666666668,4.438107490539551,97.23,0.7677156329154968,95.42,4.517482757568359,94.16,0.7572934627532959,96.68333333333334,4.595312595367432,93.64,2.1900722980499268,90.5,5.817224979400635,85.61999999999999,1.0311393737792969,95.865,3.9484379291534424,95.36,1.3729444742202759,91.8,4.063874244689941,91.56,1.395371675491333,91.76666666666667,4.110282897949219,90.59,2.2064735889434814,86.5,4.438632965087891,82.24000000000001,1.625159740447998,84.70833333333333,3.2682507038116455,85.45,1.9189540147781372,78.99333333333334,3.440009832382202,80.32000000000001,1.9124820232391357,79.9,3.3673388957977295,79.52,2.0363380908966064,51.0,3.0391018390655518,50.8
24,0.5576648116111755,99.11333333333333,4.3528923988342285,97.86,0.7066652178764343,97.40666666666667,4.3538360595703125,95.87,0.6702917218208313,98.21666666666667,4.417899131774902,95.1,1.4278181791305542,93.5,5.369840621948242,89.33,0.5400766730308533,98.21333333333332,4.434536933898926,97.27,0.7574859261512756,95.56,4.5466485023498535,94.27,0.744935154914856,96.86666666666667,4.654251575469971,93.78999999999999,2.060237407684326,90.16666666666666,5.778770446777344,85.97,1.0268936157226562,95.95333333333333,3.965712308883667,95.38,1.3587650060653687,92.06,4.058313369750977,91.61,1.3859976530075073,91.9,4.075652122497559,91.03,2.198063850402832,85.83333333333333,4.39300012588501,82.01,1.619113564491272,84.87,3.258577346801758,85.07000000000001,1.9081897735595703,79.58,3.3811089992523193,80.06,1.9004184007644653,80.35,3.401247978210449,80.88,2.0899267196655273,56.833333333333336,3.114553928375244,52.62
25,0.5533528327941895,99.14833333333334,4.310363292694092,97.88,0.6989840269088745,97.54666666666667,4.320289611816406,95.85000000000001,0.6672276258468628,98.23333333333333,4.463821887969971,95.09,1.3704429864883423,94.0,5.247191429138184,89.39,0.5364487767219543,98.32499999999999,4.4630818367004395,97.37,0.7471579909324646,95.78,4.505359649658203,94.37,0.7351158261299133,97.06666666666666,4.619147300720215,93.7,1.9720745086669922,90.83333333333333,5.719769477844238,86.18,1.0203137397766113,96.07333333333334,3.988393545150757,95.50999999999999,1.3498127460479736,92.13333333333334,4.086021900177002,91.57,1.3732104301452637,92.41666666666667,4.06949520111084,91.12,2.151007890701294,86.5,4.488308429718018,82.53,1.6148381233215332,84.97333333333333,3.2780160903930664,85.22999999999999,1.8941526412963867,79.89333333333335,3.4102349281311035,80.27,1.8942149877548218,80.60000000000001,3.391984224319458,80.85,2.062851905822754,57.49999999999999,3.1447579860687256,53.559999999999995
26,0.5487843751907349,99.19833333333334,4.348462104797363,97.92999999999999,0.6910933256149292,97.65333333333334,4.3974175453186035,96.00999999999999,0.6579399704933167,98.35000000000001,4.527731895446777,95.34,1.3688607215881348,94.0,5.324717998504639,89.42,0.5312575697898865,98.44166666666668,4.465094566345215,97.33000000000001,0.7403805255889893,95.92,4.514098167419434,94.46,0.7250180244445801,97.18333333333334,4.595134258270264,93.88,1.9221138954162598,90.33333333333333,5.642368793487549,86.11999999999999,1.018143892288208,96.10499999999999,3.97867488861084,95.69,1.3401131629943848,92.29333333333334,4.070744514465332,91.67999999999999,1.3634681701660156,92.66666666666666,4.07500696182251,91.18,2.1829886436462402,85.83333333333333,4.5879411697387695,82.72,1.6137669086456299,85.27,3.2942419052124023,86.2,1.884272813796997,80.06666666666666,3.3908722400665283,80.83,1.8756964206695557,80.83333333333333,3.394942045211792,80.39,2.060298442840576,56.666666666666664,3.1988165378570557,54.13
27,0.5454165935516357,99.245,4.340048313140869,98.02,0.6822220683097839,97.71333333333332,4.385103225708008,96.00999999999999,0.6459280252456665,98.43333333333332,4.429193496704102,95.27,1.3333905935287476,94.16666666666667,5.30081033706665,89.48,0.5242446660995483,98.45666666666666,4.4626922607421875,97.38,0.731918215751648,95.95333333333333,4.486015796661377,94.34,0.7123175859451294,97.25,4.570392608642578,93.94,1.9025003910064697,91.16666666666666,5.627554893493652,86.68,1.0132843255996704,96.22833333333334,4.014186382293701,95.67999999999999,1.3375364542007446,92.35333333333332,4.049880027770996,91.78,1.3497270345687866,92.45,4.039267063140869,91.03,2.1728310585021973,86.33333333333333,4.536113262176514,83.38,1.607856035232544,85.39,3.2640159130096436,85.33,1.8763682842254639,80.40666666666667,3.386889696121216,80.83,1.8702242374420166,80.81666666666666,3.410473585128784,81.43,2.047323703765869,57.49999999999999,3.190824031829834,54.86
28,0.5401841998100281,99.27333333333334,4.324619293212891,98.03,0.6749672889709473,97.86,4.4216766357421875,96.04,0.6415645480155945,98.48333333333333,4.463834285736084,95.38,1.3118948936462402,94.0,5.2038116455078125,89.77000000000001,0.5224512219429016,98.555,4.457358360290527,97.53,0.7232056260108948,96.06,4.5161213874816895,94.63000000000001,0.704714298248291,97.41666666666666,4.573363780975342,93.97999999999999,1.8424655199050903,90.83333333333333,5.6377739906311035,86.95,1.0085164308547974,96.33833333333334,3.952829360961914,95.83,1.31826913356781,92.54666666666667,4.065112590789795,91.53999999999999,1.3424535989761353,92.96666666666667,4.092155933380127,91.45,2.1576626300811768,86.16666666666667,4.539595603942871,83.78,1.603389024734497,85.55666666666667,3.296550750732422,85.87,1.8654842376708984,80.82000000000001,3.366783380508423,81.56,1.8558170795440674,81.28333333333333,3.468360662460327,81.08,2.0590462684631348,60.66666666666667,3.265711784362793,55.66
29,0.5373170971870422,99.31,4.346858501434326,97.89,0.6728715300559998,97.97333333333333,4.398263454437256,96.12,0.6292159557342529,98.56666666666666,4.443239212036133,95.37,1.2580783367156982,94.5,5.2401556968688965,89.58,0.5193140506744385,98.62166666666667,4.476665019989014,97.42,0.7142547965049744,96.11333333333333,4.50980281829834,94.65,0.6929687857627869,97.45,4.593869209289551,93.91000000000001,1.747641682624817,91.5,5.563316822052002,86.95,1.0049704313278198,96.455,3.917937994003296,95.93,1.3158509731292725,92.54,4.038690090179443,91.84,1.3312243223190308,93.06666666666666,4.079479694366455,91.58,2.0887718200683594,86.83333333333333,4.528231620788574,83.72,1.6002521514892578,85.74333333333334,3.280745267868042,85.89,1.862829566001892,80.93333333333334,3.3725335597991943,81.85,1.8478984832763672,81.3,3.434109926223755,82.61,2.025480031967163,59.833333333333336,3.241529941558838,55.57
30,0.5339437127113342,99.36500000000001,4.403208255767822,98.0,0.6634582281112671,98.03333333333333,4.436052322387695,96.22,0.620361864566803,98.66666666666667,4.426133155822754,95.49,1.2528822422027588,94.5,5.191690921783447,89.67,0.5158064961433411,98.715,4.455811977386475,97.48,0.706475555896759,96.28666666666666,4.525894641876221,94.65,0.6816306114196777,97.53333333333333,4.627166271209717,93.94,1.724332332611084,91.33333333333333,5.505471229553223,86.97,1.0029391050338745,96.51333333333334,3.9474992752075195,95.92,1.306736707687378,92.68666666666667,4.057607650756836,91.78,1.3257309198379517,93.15,4.079984664916992,91.56,2.148620128631592,88.0,4.618723392486572,84.02,1.59787118434906,85.78666666666666,3.2802557945251465,85.95,1.854565978050232,81.25333333333333,3.373079776763916,81.01,1.8352138996124268,81.95,3.3453850746154785,81.2,2.0440008640289307,61.0,3.250347852706909,56.24
31,0.530275285243988,99.39333333333333,4.301960468292236,98.03,0.6582114100456238,98.14666666666668,4.383678436279297,96.28999999999999,0.6141441464424133,98.73333333333333,4.438392639160156,95.41,1.2060766220092773,94.33333333333334,5.280385971069336,89.72,0.5117239356040955,98.75833333333334,4.457634925842285,97.39999999999999,0.6985458731651306,96.36,4.547240257263184,94.82000000000001,0.6706452965736389,97.76666666666667,4.56169319152832,94.07,1.636641025543213,91.5,5.501392841339111,86.97,0.9978466629981995,96.61166666666666,3.9673783779144287,95.96000000000001,1.2992701530456543,92.80000000000001,4.061407089233398,91.97999999999999,1.3165206909179688,93.38333333333333,4.105525970458984,91.73,2.093961238861084,88.16666666666667,4.581754684448242,83.75,1.5990886688232422,86.05333333333334,3.2897040843963623,86.35000000000001,1.843741536140442,81.41333333333334,3.3731329441070557,82.24000000000001,1.8404806852340698,82.11666666666667,3.3693933486938477,81.39999999999999,2.0443577766418457,62.83333333333333,3.298387289047241,56.379999999999995
32,0.5280424356460571,99.42,4.338901996612549,97.97,0.6512003540992737,98.2,4.343964099884033,96.27,0.6088231801986694,98.85000000000001,4.4582977294921875,95.48,1.1716303825378418,94.33333333333334,5.255806922912598,89.79,0.507181704044342,98.80499999999999,4.487080097198486,97.49,0.693646252155304,96.49333333333333,4.517657279968262,94.81,0.6615230441093445,97.81666666666666,4.583094596862793,94.1,1.6364250183105469,92.33333333333333,5.574828624725342,87.26,0.9952166676521301,96.68833333333333,3.956447124481201,96.1,1.2909382581710815,93.06,4.057361125946045,92.22,1.3065088987350464,93.65,4.102518081665039,91.82000000000001,2.0652120113372803,87.5,4.4664459228515625,84.53,1.5946273803710938,86.29166666666667,3.2912039756774902,86.65,1.829013466835022,81.53333333333333,3.355395555496216,81.76,1.8197689056396484,82.18333333333334,3.3642609119415283,81.37,2.029235363006592,63.66666666666667,3.2783782482147217,57.89
33,0.5236700177192688,99.43166666666666,4.350628852844238,97.99,0.6428696513175964,98.24000000000001,4.386047840118408,96.35000000000001,0.6029547452926636,98.9,4.4682793617248535,95.59,1.173658847808838,94.66666666666667,5.257602691650391,89.84,0.5034533739089966,98.87333333333333,4.414639472961426,97.52,0.6821790933609009,96.6,4.504132270812988,94.89999999999999,0.6522875428199768,97.81666666666666,4.594061851501465,94.12,1.6301629543304443,92.16666666666666,5.57601261138916,87.53999999999999,0.9923732280731201,96.74666666666667,3.9682352542877197,96.04,1.2825366258621216,93.12,4.032986640930176,92.07,1.2946652173995972,93.61666666666667,4.092258930206299,91.75999999999999,2.0431137084960938,87.33333333333333,4.588860988616943,84.52,1.591035008430481,86.36,3.2586207389831543,85.92,1.8217161893844604,81.62666666666667,3.343170642852783,81.21000000000001,1.8220734596252441,82.55,3.4478681087493896,81.67999999999999,2.0869171619415283,65.16666666666666,3.320172071456909,60.96
34,0.5201866030693054,99.465,4.340785980224609,98.09,0.641360342502594,98.36666666666667,4.366140842437744,96.41999999999999,0.595686137676239,99.01666666666667,4.42182731628418,95.46,1.1486732959747314,94.66666666666667,5.2578020095825195,89.89,0.4998946189880371,98.88833333333334,4.451136589050293,97.48,0.6784518361091614,96.63333333333334,4.507070541381836,94.89999999999999,0.6425275802612305,97.86666666666667,4.531811237335205,94.21000000000001,1.5735390186309814,92.66666666666666,5.490451335906982,87.56,0.988440990447998,96.81,3.954268217086792,96.0,1.2753499746322632,93.22666666666667,4.091929912567139,92.31,1.2905231714248657,93.83333333333333,4.138468265533447,91.96,2.028341054916382,88.0,4.575543403625488,84.48,1.5853835344314575,86.50666666666666,3.305828809738159,86.85000000000001,1.8119219541549683,81.64,3.371856451034546,82.32000000000001,1.8094481229782104,82.61666666666667,3.3616080284118652,81.2,2.0734264850616455,67.83333333333333,3.3862366676330566,61.63999999999999
35,0.5176096558570862,99.47500000000001,4.349478244781494,98.02,0.632240355014801,98.41333333333333,4.377564907073975,96.41999999999999,0.5871273875236511,99.03333333333333,4.464658260345459,95.63000000000001,1.1348227262496948,95.0,5.183437824249268,89.95,0.49609073996543884,98.97666666666667,4.385462284088135,97.61999999999999,0.6683434247970581,96.81333333333333,4.4253058433532715,94.87,0.6313636898994446,97.98333333333333,4.5494256019592285,94.28999999999999,1.4954115152359009,92.66666666666666,5.479249477386475,87.63,0.9864006638526917,96.84666666666666,4.003878593444824,96.25,1.2651859521865845,93.2,4.070908069610596,92.24,1.2849937677383423,94.05,4.099002838134766,92.14,2.0238685607910156,88.0,4.587650299072266,84.17,1.5839272737503052,86.67333333333333,3.2710089683532715,86.42999999999999,1.8052496910095215,82.16666666666667,3.341082811355591,81.77,1.803139090538025,82.78333333333333,3.3982603549957275,82.38,2.1355042457580566,68.0,3.4020438194274902,63.339999999999996
36,0.5140885710716248,99.49166666666667,4.3314409255981445,98.11999999999999,0.6286418437957764,98.53333333333333,4.384699821472168,96.52,0.5809377431869507,99.08333333333333,4.491172790527344,95.5,1.1534245014190674,95.16666666666667,5.210887908935547,89.97,0.49177226424217224,99.01833333333333,4.464260101318359,97.59,0.6631845235824585,96.82,4.521145820617676,94.93,0.6260240077972412,98.01666666666667,4.594859600067139,94.24,1.4540656805038452,93.16666666666666,5.443269729614258,87.77000000000001,0.9842941164970398,96.96666666666667,3.9784390926361084,96.36,1.2614892721176147,93.29333333333332,4.03723669052124,92.22,1.2726256847381592,94.08333333333333,4.155581951141357,92.01,2.015049934387207,88.33333333333333,4.560337543487549,84.78,1.5817631483078003,86.83,3.288317918777466,86.83999999999999,1.7992818355560303,82.05333333333333,3.381788969039917,82.24000000000001,1.7920485734939575,82.55,3.3950071334838867,81.89999999999999,2.091573476791382,70.66666666666667,3.374964475631714,66.4
37,0.5106039643287659,99.52333333333333,4.369922161102295,98.06,0.6239818930625916,98.50666666666666,4.372049808502197,96.32,0.5773289799690247,99.16666666666667,4.452426433563232,95.5,1.127056360244751,95.16666666666667,5.187812805175781,89.94,0.4889261722564697,99.01666666666667,4.464862823486328,97.57000000000001,0.6582687497138977,96.96666666666667,4.504278659820557,95.13000000000001,0.6167089939117432,98.11666666666666,4.592003345489502,94.28,1.4503254890441895,92.83333333333333,5.481021881103516,87.7,0.9828742146492004,97.01166666666666,3.964487314224243,96.36,1.2545690536499023,93.47999999999999,4.030056476593018,92.30000000000001,1.2669323682785034,94.3,4.114418029785156,92.39,1.9740668535232544,88.66666666666667,4.574215412139893,84.81,1.5798547267913818,86.97666666666667,3.2641444206237793,87.24,1.7986668348312378,82.23333333333333,3.359917640686035,82.24000000000001,1.7922229766845703,82.86666666666666,3.349022626876831,82.03,2.1016018390655518,72.0,3.3915441036224365,66.46
38,0.5084779262542725,99.55333333333334,4.395799160003662,98.09,0.6197801828384399,98.48,4.3316473960876465,96.54,0.5724672675132751,99.2,4.421784400939941,95.59,1.0833708047866821,95.16666666666667,5.1428351402282715,90.13,0.48549842834472656,99.08500000000001,4.4253435134887695,97.69,0.6544004082679749,97.1,4.5075154304504395,95.19,0.6180883646011353,98.13333333333333,4.567646503448486,94.34,1.4510738849639893,93.16666666666666,5.342525005340576,87.79,0.9804326891899109,97.03833333333334,3.9865152835845947,96.35000000000001,1.2489755153656006,93.54666666666667,4.053581714630127,92.30000000000001,1.2582861185073853,94.48333333333333,4.132856845855713,92.31,1.9859036207199097,89.5,4.512328147888184,84.89999999999999,1.5753350257873535,87.13,3.280327558517456,86.91,1.787779688835144,82.10666666666665,3.376530170440674,82.02000000000001,1.7842745780944824,83.11666666666667,3.411055088043213,82.34,2.1029393672943115,72.5,3.4159061908721924,67.05
39,0.5046691298484802,99.555,4.405261516571045,98.03,0.614275336265564,98.61333333333333,4.380899429321289,96.48,0.5641661286354065,99.2,4.415497303009033,95.6,1.0649811029434204,95.16666666666667,5.149186611175537,90.14999999999999,0.48225632309913635,99.10833333333333,4.429232597351074,97.69,0.6480355262756348,97.14666666666668,4.528975009918213,95.19999999999999,0.6031694412231445,98.16666666666667,4.537985801696777,94.28999999999999,1.4195740222930908,93.33333333333333,5.382144927978516,88.0,0.9778277277946472,97.14666666666668,3.99796986579895,96.43,1.2450865507125854,93.54666666666667,4.05417013168335,92.25999999999999,1.2562835216522217,94.48333333333333,4.112863540649414,92.13,1.9682807922363281,89.5,4.492105960845947,85.09,1.572407841682434,87.29166666666667,3.29476261138916,87.03999999999999,1.7843929529190063,82.31333333333333,3.347398519515991,82.48,1.7797398567199707,82.85,3.4117612838745117,82.77,2.1081035137176514,73.16666666666667,3.484093427658081,67.83
40,0.5027062892913818,99.56833333333334,4.371781826019287,98.11,0.6072690486907959,98.63333333333333,4.4227614402771,96.57,0.5574226975440979,99.25,4.39797306060791,95.62,1.0543357133865356,95.16666666666667,5.1815032958984375,90.12,0.4802190363407135,99.13499999999999,4.488781929016113,97.64,0.6409756541252136,97.23333333333333,4.517726898193359,95.21,0.5931866765022278,98.18333333333334,4.546640872955322,94.26,1.4033070802688599,93.5,5.368073463439941,87.97,0.9743329882621765,97.22,3.9420721530914307,96.45,1.2347971200942993,93.56,4.075066089630127,92.58999999999999,1.2508087158203125,94.55,4.102938175201416,92.36999999999999,1.9620941877365112,89.16666666666667,4.638126850128174,85.04,1.5699241161346436,87.385,3.2992613315582275,86.75,1.7770237922668457,82.34666666666666,3.340791702270508,82.19,1.7774122953414917,83.0,3.405559778213501,83.05,2.129380702972412,73.66666666666667,3.4412126541137695,69.03
41,0.5010234713554382,99.56833333333334,4.352355003356934,97.99,0.6065831780433655,98.67333333333333,4.340445518493652,96.5,0.5570012331008911,99.28333333333333,4.427682876586914,95.7,1.0333082675933838,95.33333333333334,5.206961154937744,90.18,0.4774923622608185,99.16166666666668,4.43600606918335,97.6,0.6362964510917664,97.30666666666666,4.509726047515869,95.24000000000001,0.5849819779396057,98.21666666666667,4.524251461029053,94.39999999999999,1.3657077550888062,93.5,5.376950263977051,88.1,0.9716587662696838,97.23,4.003260612487793,96.46000000000001,1.230029582977295,93.70666666666668,4.073287010192871,92.51,1.2344716787338257,94.93333333333334,4.123878479003906,92.45,1.9554208517074585,88.5,4.546370029449463,85.34,1.5684665441513062,87.36500000000001,3.297420024871826,87.58,1.771786093711853,82.56666666666666,3.3399243354797363,82.56,1.7684109210968018,83.16666666666667,3.415059804916382,83.39,2.1227810382843018,73.16666666666667,3.414334774017334,68.35
42,0.4971507787704468,99.595,4.361458778381348,98.09,0.5994048714637756,98.71333333333332,4.367895603179932,96.59,0.549368143081665,99.3,4.420469284057617,95.73,1.023047924041748,95.33333333333334,5.153299808502197,90.10000000000001,0.4741116166114807,99.20666666666666,4.431853294372559,97.78999999999999,0.6327506303787231,97.31333333333333,4.480254173278809,95.42,0.5835911631584167,98.33333333333333,4.550446033477783,94.49,1.3251320123672485,93.5,5.400308132171631,88.1,0.9688482880592346,97.31333333333333,3.980137348175049,96.50999999999999,1.2250807285308838,93.91333333333334,4.021841049194336,92.28,1.2346363067626953,94.86666666666666,4.082140922546387,92.61,1.9238921403884888,89.0,4.600450038909912,85.13,1.5664154291152954,87.62833333333333,3.281831741333008,88.0,1.7665972709655762,82.42,3.3632421493530273,82.39999999999999,1.7713392972946167,83.65,3.408506393432617,82.64,2.0937814712524414,74.5,3.533426284790039,69.81
43,0.494254469871521,99.60333333333334,4.316099643707275,98.1,0.5972921848297119,98.71333333333332,4.378259181976318,96.66,0.5478331446647644,99.41666666666666,4.36437463760376,95.75,1.0230727195739746,95.5,5.134854793548584,90.11,0.47063148021698,99.23166666666667,4.424736499786377,97.72,0.6269310116767883,97.41333333333333,4.482409954071045,95.39,0.5810638666152954,98.41666666666666,4.478744983673096,94.23,1.3147618770599365,93.66666666666667,5.2375054359436035,88.13,0.9687610864639282,97.43,3.990022659301758,96.57,1.219228744506836,93.89999999999999,4.049197673797607,92.66,1.2231687307357788,94.98333333333333,4.080692768096924,92.25,1.939584732055664,88.83333333333333,4.601301193237305,85.06,1.5632643699645996,87.73166666666667,3.3145227432250977,87.31,1.7581558227539062,82.82666666666667,3.339231491088867,82.49,1.7531919479370117,83.86666666666667,3.397981643676758,83.04,2.13682222366333,75.5,3.556360960006714,68.82000000000001
44,0.4926905333995819,99.61666666666666,4.359440803527832,98.06,0.5922064185142517,98.76,4.382730007171631,96.69,0.5407341718673706,99.43333333333332,4.425392150878906,95.84,0.9936177134513855,95.33333333333334,5.199334621429443,90.05,0.468092143535614,99.24833333333333,4.441789150238037,97.78,0.6236103773117065,97.48,4.500602722167969,95.34,0.5739296674728394,98.38333333333334,4.508429050445557,94.34,1.282363772392273,93.66666666666667,5.323838233947754,88.31,0.9652816653251648,97.38,3.956406354904175,96.48,1.2109211683273315,93.99333333333333,4.067239284515381,92.67999999999999,1.21365487575531,95.01666666666667,4.0912933349609375,92.64,1.8911802768707275,89.16666666666667,4.5501556396484375,85.47,1.5618385076522827,87.86166666666666,3.304236888885498,87.57000000000001,1.7556090354919434,83.04,3.37908673286438,83.24000000000001,1.7507292032241821,83.56666666666666,3.3659703731536865,83.07,2.1125707626342773,76.5,3.486541509628296,69.47
45,0.49026697874069214,99.61666666666666,4.355320453643799,98.0,0.5903164744377136,98.79333333333334,4.370045185089111,96.69,0.5389003157615662,99.51666666666667,4.409627437591553,95.81,0.9976097941398621,95.5,5.093508720397949,90.12,0.4662691652774811,99.28333333333333,4.402676582336426,97.72,0.6167861819267273,97.50666666666666,4.5444746017456055,95.55,0.559481143951416,98.33333333333333,4.530422687530518,94.39999999999999,1.2487597465515137,94.33333333333334,5.3521037101745605,88.2,0.9623072743415833,97.48333333333333,4.023519515991211,96.65,1.2090938091278076,94.13333333333334,4.041363716125488,92.72,1.21576988697052,95.19999999999999,4.097840785980225,92.77,1.8808631896972656,90.0,4.519585132598877,85.63,1.5613441467285156,88.05833333333334,3.275557518005371,87.72999999999999,1.7504531145095825,82.92666666666668,3.3332104682922363,83.42,1.7475297451019287,83.95,3.4082987308502197,83.16,2.103938341140747,76.5,3.5550830364227295,69.36
46,0.4875790476799011,99.63333333333333,4.322514533996582,98.05,0.5861288905143738,98.8,4.372395992279053,96.66,0.5357981324195862,99.51666666666667,4.36813497543335,95.77,0.988545835018158,95.66666666666667,5.18428897857666,90.10000000000001,0.4642412066459656,99.30166666666666,4.462235927581787,97.68,0.6105456948280334,97.58,4.484594345092773,95.56,0.559384822845459,98.38333333333334,4.531527042388916,94.62,1.2734695672988892,94.16666666666667,5.414051532745361,88.32,0.961685836315155,97.49666666666667,3.9087631702423096,96.55,1.2013128995895386,94.15333333333334,4.018138408660889,92.56,1.211029291152954,95.33333333333334,4.119743824005127,92.77,1.8478891849517822,89.5,4.533441066741943,85.56,1.5584794282913208,88.07666666666667,3.2989368438720703,88.09,1.7470440864562988,82.95333333333333,3.362907648086548,83.26,1.7466853857040405,83.85000000000001,3.3992435932159424,83.56,2.1181883811950684,77.66666666666666,3.60317325592041,69.62
47,0.4860152006149292,99.64333333333333,4.37023401260376,98.03,0.5814557075500488,98.88666666666667,4.374636650085449,96.78,0.5318212509155273,99.53333333333333,4.416421890258789,95.81,0.951934814453125,95.5,5.141518592834473,90.10000000000001,0.4620116055011749,99.33999999999999,4.392350673675537,97.82,0.609583854675293,97.67333333333333,4.496338844299316,95.47,0.5547743439674377,98.41666666666666,4.588085651397705,94.44,1.2439827919006348,94.16666666666667,5.292985916137695,88.48,0.9584232568740845,97.57000000000001,4.002553462982178,96.78999999999999,1.194508671760559,94.37333333333333,4.060618877410889,92.71000000000001,1.2020429372787476,95.28333333333333,4.072342395782471,92.80000000000001,1.82748544216156,90.33333333333333,4.534635066986084,85.50999999999999,1.5557700395584106,88.20333333333333,3.3088974952697754,88.25,1.7369780540466309,82.86,3.320297956466675,83.72,1.7408896684646606,84.0,3.3743419647216797,82.98,2.1281118392944336,76.33333333333333,3.5635271072387695,69.77
48,0.4845048189163208,99.65333333333334,4.360060691833496,98.00999999999999,0.577986478805542,98.92,4.409651756286621,96.78,0.5258020162582397,99.56666666666666,4.390120983123779,95.88,0.9665191769599915,96.0,5.081142425537109,90.13,0.4593868851661682,99.33999999999999,4.454665184020996,97.78,0.6042256951332092,97.71333333333332,4.498466968536377,95.49,0.5489601492881775,98.48333333333333,4.488653182983398,94.63000000000001,1.1947243213653564,94.33333333333334,5.236148834228516,88.41,0.9572473764419556,97.60333333333332,3.9670145511627197,96.65,1.1938062906265259,94.34666666666666,4.048682689666748,92.80000000000001,1.1994863748550415,95.31666666666668,4.076925754547119,92.91,1.80601167678833,89.5,4.472025394439697,85.71,1.5557993650436401,88.36166666666668,3.304605484008789,87.94999999999999,1.7344005107879639,83.27333333333333,3.3285698890686035,83.78,1.7389931678771973,84.51666666666667,3.3711650371551514,82.58,2.1544697284698486,78.16666666666666,3.5800347328186035,69.13
49,0.4808312654495239,99.66000000000001,4.322202205657959,98.04,0.5744578838348389,98.97333333333333,4.400104522705078,96.71,0.5228118300437927,99.56666666666666,4.357472896575928,95.94,0.9411740899085999,96.0,5.140257835388184,90.19,0.45859503746032715,99.38166666666667,4.417535781860352,97.8,0.6003331542015076,97.75333333333333,4.496553421020508,95.63000000000001,0.5455290675163269,98.58333333333333,4.543676853179932,94.65,1.1806131601333618,94.5,5.394163131713867,88.33,0.9560299515724182,97.64666666666668,4.0184454917907715,96.66,1.186012625694275,94.47333333333333,4.050615310668945,92.93,1.1920589208602905,95.65,4.0843586921691895,92.57,1.8040087223052979,90.0,4.4987874031066895,85.87,1.5546690225601196,88.54666666666667,3.2897160053253174,88.64,1.7295194864273071,83.45333333333333,3.340592622756958,83.65,1.730825424194336,84.15,3.388270139694214,82.96,2.126497745513916,77.0,3.5314643383026123,69.89
50,0.47317594289779663,99.68833333333333,4.368888854980469,98.03,0.5626866817474365,99.01333333333334,4.380963325500488,96.67,0.5026658177375793,99.63333333333333,4.394227981567383,95.89999999999999,0.9117614030838013,95.83333333333334,5.116046905517578,90.08,0.4507167637348175,99.41166666666666,4.4023213386535645,97.8,0.5909053087234497,97.85333333333334,4.494665145874023,95.59,0.5256162285804749,98.63333333333333,4.500871181488037,94.6,1.1645970344543457,94.66666666666667,5.247760772705078,88.35,0.94098961353302,97.78999999999999,4.001646995544434,96.78,1.171093463897705,94.52666666666667,4.02437162399292,93.03,1.1554691791534424,95.7,4.106199741363525,92.96,1.772487998008728,90.16666666666666,4.5264081954956055,85.49,1.5438239574432373,88.74499999999999,3.2932279109954834,88.33,1.7158712148666382,83.50666666666666,3.3506152629852295,83.85000000000001,1.7101070880889893,84.98333333333333,3.3906664848327637,83.69,2.082505464553833,77.83333333333333,3.583879232406616,69.99
51,0.46958059072494507,99.69333333333333,4.3671417236328125,98.03,0.5591068267822266,99.06,4.369829177856445,96.73,0.49659404158592224,99.63333333333333,4.3778276443481445,95.94,0.8835565447807312,95.83333333333334,5.156147480010986,90.14999999999999,0.4495939314365387,99.41833333333334,4.40975284576416,97.85000000000001,0.5871900916099548,97.88666666666667,4.479654788970947,95.64,0.5211100578308105,98.66666666666667,4.555389881134033,94.62,1.1420198678970337,94.5,5.262400150299072,88.39,0.9404112100601196,97.79666666666667,3.9809093475341797,96.75,1.167804479598999,94.58666666666666,4.063945293426514,93.0,1.155105471611023,95.76666666666667,4.114798069000244,93.05,1.7386672496795654,90.66666666666666,4.472991943359375,85.88,1.5422873497009277,88.845,3.2923474311828613,88.37,1.712709903717041,83.48,3.3474881649017334,83.85000000000001,1.7024600505828857,85.16666666666667,3.379356622695923,83.75,2.0822036266326904,77.83333333333333,3.5717108249664307,70.0
52,0.46818023920059204,99.69833333333334,4.3765974044799805,98.08,0.5555030107498169,99.04666666666667,4.371199607849121,96.84,0.4938913583755493,99.68333333333334,4.4009552001953125,95.88,0.8750364184379578,95.83333333333334,5.153905868530273,90.08,0.4478743076324463,99.42999999999999,4.395385265350342,97.72999999999999,0.5829734206199646,97.90666666666667,4.464059829711914,95.62,0.5190832614898682,98.7,4.499626636505127,94.71000000000001,1.1398292779922485,94.83333333333334,5.306927680969238,88.44,0.9388119578361511,97.84166666666667,4.017570972442627,96.75,1.1642316579818726,94.70666666666666,4.031384468078613,93.05,1.1524068117141724,95.76666666666667,4.136204719543457,92.85,1.7290421724319458,90.5,4.506943702697754,85.61999999999999,1.5424968004226685,88.91333333333333,3.2923331260681152,88.16000000000001,1.7093219757080078,83.67999999999999,3.349040985107422,84.16,1.6985633373260498,85.0,3.3946399688720703,83.85000000000001,2.09326171875,78.0,3.5635015964508057,69.94
53,0.4667656719684601,99.705,4.371727466583252,98.05,0.553242027759552,99.06,4.423293590545654,96.78999999999999,0.4925442934036255,99.68333333333334,4.4062418937683105,95.88,0.8675087094306946,95.66666666666667,5.140033721923828,90.05,0.4461623728275299,99.44333333333333,4.443875789642334,97.77,0.5796128511428833,97.96666666666667,4.47815465927124,95.64,0.5164406895637512,98.7,4.528062343597412,94.67999999999999,1.1096104383468628,94.83333333333334,5.28537130355835,88.49000000000001,0.9380049705505371,97.83333333333334,4.013649940490723,96.69,1.1611346006393433,94.62666666666667,4.037320613861084,93.01,1.1517809629440308,95.89999999999999,4.090915679931641,92.9,1.7329367399215698,90.33333333333333,4.477745056152344,85.56,1.5417981147766113,88.92999999999999,3.277772903442383,88.55,1.7096571922302246,83.76666666666667,3.3394675254821777,83.95,1.6955091953277588,85.15,3.3796842098236084,83.82,2.098543405532837,77.16666666666666,3.623042583465576,70.03
54,0.46543440222740173,99.70333333333333,4.408688068389893,98.09,0.5509961843490601,99.08,4.38460111618042,96.78999999999999,0.4879230558872223,99.68333333333334,4.425230979919434,95.94,0.8634476065635681,95.83333333333334,5.148351192474365,90.13,0.4450928270816803,99.45833333333334,4.411320209503174,97.78999999999999,0.5782427191734314,98.01333333333334,4.490283012390137,95.57,0.5159014463424683,98.7,4.537082672119141,94.66,1.1057326793670654,94.66666666666667,5.2433247566223145,88.42,0.9375006556510925,97.87166666666667,4.012948036193848,96.81,1.157475233078003,94.72666666666667,4.046189785003662,93.26,1.1456239223480225,96.05,4.148915767669678,92.81,1.6977308988571167,91.33333333333333,4.463412761688232,85.42,1.5418087244033813,89.01833333333333,3.2936954498291016,88.53,1.7082968950271606,83.77333333333333,3.3249402046203613,83.87,1.694191575050354,85.18333333333334,3.39526104927063,84.1,2.0973289012908936,77.16666666666666,3.569974422454834,70.11
55,0.46366509795188904,99.71,4.364480972290039,98.04,0.5495642423629761,99.10666666666667,4.387938499450684,96.74000000000001,0.4860992133617401,99.68333333333334,4.43317174911499,95.97,0.8586548566818237,95.83333333333334,5.172634124755859,90.16,0.442899227142334,99.45666666666668,4.440670967102051,97.8,0.5761990547180176,98.01333333333334,4.4768266677856445,95.64,0.5122295022010803,98.75,4.482862949371338,94.72,1.0763336420059204,95.0,5.22032356262207,88.44,0.9371592402458191,97.91,3.9937262535095215,96.82,1.1564868688583374,94.73333333333333,4.033158779144287,93.15,1.1472961902618408,95.93333333333334,4.0882744789123535,93.10000000000001,1.7163666486740112,90.16666666666666,4.509668827056885,85.66,1.53999924659729,89.035,3.2983646392822266,88.86,1.7050217390060425,83.88666666666667,3.3212711811065674,83.84,1.6963468790054321,85.1,3.415973424911499,83.85000000000001,2.097839593887329,78.83333333333333,3.5758984088897705,69.78
56,0.4627976715564728,99.71833333333333,4.388309955596924,98.03,0.5469696521759033,99.10666666666667,4.402125835418701,96.83,0.4868408143520355,99.68333333333334,4.426856517791748,96.02000000000001,0.8507314920425415,95.83333333333334,5.138569355010986,90.06,0.44224846363067627,99.46166666666667,4.4457688331604,97.78999999999999,0.5744566321372986,98.00666666666666,4.487709045410156,95.66,0.5130071640014648,98.76666666666667,4.561359405517578,94.76,1.0851242542266846,94.83333333333334,5.229489326477051,88.47,0.9372403621673584,97.92,3.9905872344970703,96.82,1.154976487159729,94.83333333333334,4.036803245544434,92.92,1.1418466567993164,96.11666666666666,4.134428977966309,93.15,1.7059656381607056,90.83333333333333,4.470449447631836,85.79,1.5392340421676636,89.185,3.28916072845459,88.49000000000001,1.7008136510849,83.94,3.329308271408081,83.78,1.6919758319854736,85.13333333333334,3.3929076194763184,84.17,2.107567548751831,78.33333333333333,3.5896379947662354,70.02000000000001
57,0.4632358253002167,99.72166666666666,4.358938217163086,98.02,0.5459400415420532,99.14,4.378310203552246,96.84,0.4835260510444641,99.7,4.447947025299072,95.92,0.8430667519569397,95.83333333333334,5.0911688804626465,90.16,0.44148415327072144,99.47333333333333,4.435006618499756,97.81,0.5718392133712769,98.01333333333334,4.486293792724609,95.74000000000001,0.5105664134025574,98.8,4.50385856628418,94.71000000000001,1.0749882459640503,94.66666666666667,5.224681854248047,88.47,0.935547947883606,97.95166666666667,3.9809813499450684,96.84,1.1549562215805054,94.85333333333334,4.032182693481445,93.06,1.1424845457077026,96.11666666666666,4.128678798675537,93.02,1.7032890319824219,91.0,4.43044900894165,85.76,1.5388610363006592,89.28666666666668,3.3043949604034424,88.73,1.6984957456588745,83.93333333333334,3.326219320297241,84.19,1.6869542598724365,85.35000000000001,3.4043564796447754,84.17999999999999,2.096461534500122,77.83333333333333,3.6090750694274902,70.19999999999999
58,0.4617702066898346,99.72,4.406829357147217,98.11999999999999,0.5444899201393127,99.14666666666668,4.368503093719482,96.81,0.4818345904350281,99.71666666666667,4.4593825340271,96.00999999999999,0.8364717364311218,95.83333333333334,5.107020854949951,90.07,0.4413541555404663,99.48666666666666,4.428140640258789,97.81,0.5698810815811157,98.06666666666666,4.514811992645264,95.76,0.5067689418792725,98.8,4.514695167541504,94.67,1.0664342641830444,94.66666666666667,5.3019022941589355,88.47,0.9357048869132996,97.96000000000001,4.004911422729492,96.85000000000001,1.1516575813293457,94.89333333333333,4.066976547241211,93.10000000000001,1.1361485719680786,96.06666666666666,4.117738723754883,93.23,1.7014490365982056,90.66666666666666,4.524151802062988,85.8,1.5382859706878662,89.28166666666667,3.3038196563720703,88.9,1.6971644163131714,83.96000000000001,3.3363819122314453,84.21,1.6930780410766602,85.73333333333333,3.3878791332244873,83.95,2.103727340698242,78.16666666666666,3.6136412620544434,70.17999999999999
59,0.46121466159820557,99.725,4.435298442840576,98.07000000000001,0.5420082807540894,99.18666666666667,4.3711137771606445,96.78999999999999,0.48220178484916687,99.73333333333333,4.4385528564453125,95.92,0.8278375864028931,95.83333333333334,5.091928958892822,90.25,0.44119659066200256,99.50666666666666,4.426037788391113,97.92,0.5687236785888672,98.1,4.461754322052002,95.67999999999999,0.5043433308601379,98.78333333333333,4.528778076171875,94.67999999999999,1.0626165866851807,94.83333333333334,5.194520473480225,88.42,0.9335030913352966,97.98333333333333,3.984863758087158,96.85000000000001,1.1506609916687012,94.86,4.015768051147461,93.21000000000001,1.1339350938796997,96.25,4.1350250244140625,93.27,1.6869966983795166,91.0,4.468997955322266,85.97,1.5385361909866333,89.37166666666667,3.2771835327148438,88.52,1.6953305006027222,83.83333333333334,3.33598256111145,83.58,1.68699312210083,85.61666666666666,3.4182488918304443,84.11999999999999,2.0919363498687744,78.5,3.5980796813964844,70.28
60,0.4604383409023285,99.72666666666666,4.387285232543945,98.11,0.5417007207870483,99.17333333333333,4.395083427429199,96.82,0.47897523641586304,99.73333333333333,4.412590503692627,95.93,0.8298147320747375,95.83333333333334,5.087179183959961,90.16999999999999,0.4393278956413269,99.5,4.409643173217773,97.8,0.5655292868614197,98.09333333333333,4.464293479919434,95.67,0.500662088394165,98.83333333333333,4.5054850578308105,94.67,1.0718120336532593,94.66666666666667,5.192149639129639,88.47,0.9334802627563477,98.02166666666666,4.009792804718018,96.81,1.1467580795288086,94.92,4.0338897705078125,93.16,1.133569598197937,96.41666666666666,4.1531758308410645,92.99,1.6701205968856812,91.0,4.446867942810059,85.88,1.5368123054504395,89.40333333333334,3.299919366836548,88.83,1.6948333978652954,84.01333333333334,3.355125665664673,84.1,1.6850932836532593,85.38333333333334,3.4072422981262207,84.23,2.1048495769500732,77.5,3.6592328548431396,71.04
61,0.4595792293548584,99.72999999999999,4.364041328430176,98.11999999999999,0.5391172766685486,99.19333333333333,4.403470993041992,96.89999999999999,0.4779338538646698,99.73333333333333,4.410961151123047,95.89999999999999,0.8161259889602661,95.83333333333334,5.150521278381348,90.14,0.43861526250839233,99.51333333333334,4.425856590270996,97.84,0.5638131499290466,98.11999999999999,4.499025821685791,95.77,0.49990445375442505,98.9,4.560449123382568,94.81,1.047095537185669,94.66666666666667,5.186371803283691,88.36,0.9319429397583008,98.04166666666667,3.9775309562683105,96.81,1.1448631286621094,94.98,4.0424652099609375,93.06,1.130083680152893,96.35000000000001,4.146531581878662,93.08999999999999,1.6781779527664185,91.16666666666666,4.496307849884033,86.06,1.5373501777648926,89.46666666666667,3.3026318550109863,89.01,1.6958237886428833,84.13333333333334,3.3141911029815674,84.09,1.6819939613342285,85.6,3.3819305896759033,83.77,2.1159543991088867,78.5,3.6100211143493652,71.37
62,0.45902538299560547,99.72666666666666,4.400245189666748,98.02,0.5382125377655029,99.24,4.389444828033447,96.82,0.47691598534584045,99.73333333333333,4.392642974853516,95.92,0.8201792240142822,95.83333333333334,5.142575740814209,90.25,0.43712395429611206,99.52166666666666,4.409607887268066,97.84,0.5611485242843628,98.12666666666667,4.46627950668335,95.8,0.4978027939796448,98.98333333333333,4.495493412017822,94.66,1.030677080154419,94.66666666666667,5.249922275543213,88.49000000000001,0.9321777820587158,98.03166666666667,3.9889299869537354,96.89999999999999,1.1420925855636597,94.99333333333333,4.052088260650635,93.04,1.1301237344741821,96.36666666666667,4.1611104011535645,93.14,1.6728875637054443,91.33333333333333,4.4282684326171875,85.85000000000001,1.5364853143692017,89.50333333333333,3.2816109657287598,88.89,1.6918761730194092,84.25333333333333,3.3358142375946045,84.05,1.6876007318496704,85.68333333333334,3.436042547225952,84.32,2.0917787551879883,80.0,3.638010263442993,71.06
63,0.4562287926673889,99.73166666666667,4.3679656982421875,98.07000000000001,0.5369864702224731,99.20666666666666,4.405875205993652,96.77,0.47550374269485474,99.73333333333333,4.386351585388184,95.94,0.8174968361854553,96.0,5.06804895401001,90.03999999999999,0.43639829754829407,99.515,4.452234745025635,97.86,0.5585768222808838,98.15333333333334,4.521559715270996,95.78,0.49596282839775085,98.95,4.508786678314209,94.76,1.0345298051834106,94.66666666666667,5.258548736572266,88.53,0.9300336241722107,98.065,4.019072532653809,97.00999999999999,1.141955018043518,95.00666666666666,4.0205254554748535,93.05,1.1279962062835693,96.35000000000001,4.137587547302246,93.10000000000001,1.6667627096176147,91.33333333333333,4.489604473114014,85.84,1.53593111038208,89.52833333333334,3.2976841926574707,88.82,1.6894769668579102,84.09333333333333,3.3667712211608887,84.43,1.6826838254928589,85.73333333333333,3.403895378112793,83.91999999999999,2.0926594734191895,79.33333333333333,3.6510565280914307,71.28999999999999
64,0.45562341809272766,99.73333333333333,4.368095397949219,98.07000000000001,0.5351649522781372,99.24,4.386359691619873,96.85000000000001,0.47259286046028137,99.73333333333333,4.404510974884033,95.94,0.8048914670944214,96.0,5.098601341247559,90.18,0.43511664867401123,99.52666666666666,4.452559471130371,97.89999999999999,0.5578805804252625,98.19333333333333,4.512391567230225,95.82000000000001,0.4905102550983429,98.98333333333333,4.542750358581543,94.78,1.0168499946594238,95.0,5.179318428039551,88.47,0.9299798607826233,98.02499999999999,4.02141809463501,97.0,1.1364742517471313,94.98666666666666,4.039466857910156,93.08999999999999,1.1236331462860107,96.38333333333333,4.1621174812316895,93.19,1.6745178699493408,91.16666666666666,4.497913837432861,85.91,1.5353164672851562,89.565,3.3179826736450195,89.22,1.690441370010376,84.38,3.323678970336914,84.02,1.6848427057266235,85.98333333333333,3.403782367706299,84.09,2.0984909534454346,79.16666666666666,3.6218008995056152,71.52
65,0.4544079899787903,99.73666666666666,4.380831718444824,98.09,0.5336157083511353,99.24666666666667,4.418829441070557,96.88,0.46879056096076965,99.73333333333333,4.426083564758301,95.95,0.8073999881744385,95.83333333333334,5.086164474487305,90.23,0.43451645970344543,99.53999999999999,4.437201499938965,97.84,0.5567790269851685,98.2,4.494612216949463,95.8,0.4880489110946655,99.05000000000001,4.5378546714782715,94.67,1.0113383531570435,95.0,5.171568870544434,88.5,0.9288862943649292,98.095,4.01177453994751,96.83,1.1313848495483398,95.12,4.033466815948486,93.11,1.1194849014282227,96.51666666666667,4.153899192810059,93.17,1.6461509466171265,91.33333333333333,4.437207221984863,85.96000000000001,1.5370782613754272,89.63833333333334,3.3018860816955566,89.07000000000001,1.684136986732483,84.32666666666667,3.335270881652832,84.33,1.6801596879959106,85.86666666666667,3.4124960899353027,84.00999999999999,2.0828285217285156,78.5,3.661573886871338,71.48
66,0.45316576957702637,99.735,4.418946743011475,98.05,0.5319936275482178,99.24666666666667,4.414314270019531,96.82,0.466535359621048,99.73333333333333,4.403166770935059,95.98,0.7945479154586792,96.0,5.082300186157227,90.16,0.4352304935455322,99.55333333333334,4.432937145233154,97.87,0.5543097257614136,98.22666666666666,4.4538164138793945,95.78,0.48765215277671814,99.05000000000001,4.4600677490234375,94.72,0.999958872795105,95.33333333333334,5.18729305267334,88.55,0.9281618595123291,98.10166666666666,3.993135452270508,97.00999999999999,1.1318520307540894,95.15333333333334,4.033483982086182,93.23,1.1213873624801636,96.38333333333333,4.12526798248291,93.26,1.655439019203186,91.0,4.4757585525512695,86.08,1.5357487201690674,89.71166666666667,3.300982713699341,89.03,1.6807445287704468,84.32,3.3176026344299316,84.34,1.6790434122085571,85.98333333333333,3.383212089538574,84.13000000000001,2.078550100326538,78.0,3.648986577987671,71.81
67,0.451138436794281,99.73833333333333,4.41281270980835,98.17,0.5298739075660706,99.26,4.352932929992676,96.78999999999999,0.4638354480266571,99.73333333333333,4.3899617195129395,95.82000000000001,0.8046178221702576,95.83333333333334,5.085325241088867,90.13,0.4333265423774719,99.555,4.4271626472473145,97.94,0.5541307330131531,98.23333333333333,4.453452110290527,95.82000000000001,0.48363804817199707,99.03333333333333,4.544985771179199,94.81,1.00422203540802,95.16666666666667,5.154202461242676,88.42,0.927907407283783,98.125,4.031505107879639,96.82,1.1290699243545532,95.02666666666667,4.04896879196167,93.28999999999999,1.1215354204177856,96.58333333333333,4.117287635803223,93.38,1.6360946893692017,91.33333333333333,4.453680515289307,86.09,1.5343044996261597,89.61333333333333,3.2992210388183594,89.32,1.6780939102172852,84.54666666666667,3.3101298809051514,84.49,1.6770745515823364,85.91666666666666,3.418267250061035,84.14,2.090226411819458,79.16666666666666,3.644166946411133,71.93
68,0.44856980443000793,99.735,4.400777816772461,98.14,0.5295497179031372,99.29333333333334,4.39873743057251,96.78999999999999,0.4641770124435425,99.73333333333333,4.420074939727783,95.91,0.7927703261375427,96.0,5.1064629554748535,90.11,0.4324910044670105,99.56833333333334,4.471473217010498,97.89,0.5516086220741272,98.26,4.510379314422607,95.83,0.4808201491832733,99.11666666666666,4.544729232788086,94.77,0.9840014576911926,95.16666666666667,5.2722249031066895,88.44999999999999,0.9269585013389587,98.14166666666667,3.9702329635620117,96.96000000000001,1.1274031400680542,95.16666666666667,4.042058944702148,93.17,1.11384916305542,96.53333333333333,4.10841703414917,93.30000000000001,1.6465767621994019,91.5,4.443446636199951,86.31,1.5344961881637573,89.87166666666667,3.3160831928253174,89.36,1.6809337139129639,84.5,3.3195531368255615,84.11999999999999,1.6742663383483887,86.26666666666667,3.382051944732666,84.05,2.080693483352661,79.16666666666666,3.660426616668701,71.65
69,0.44829320907592773,99.74166666666666,4.379581451416016,98.09,0.52651447057724,99.32,4.376564979553223,96.86,0.46272751688957214,99.73333333333333,4.438381195068359,95.98,0.7849906086921692,95.83333333333334,5.029361248016357,90.09,0.43087318539619446,99.56166666666667,4.495603084564209,97.86,0.5503767132759094,98.24666666666667,4.507081985473633,95.82000000000001,0.47862520813941956,99.13333333333333,4.524731159210205,94.91000000000001,0.9877855777740479,95.16666666666667,5.1579670906066895,88.57000000000001,0.9273425936698914,98.17666666666666,4.015870094299316,97.04,1.1253571510314941,95.1,4.026314735412598,93.34,1.1071548461914062,96.66666666666667,4.193495273590088,93.35,1.62551748752594,91.5,4.510042667388916,86.11,1.533240795135498,89.85499999999999,3.306083917617798,89.46,1.6802737712860107,84.81333333333333,3.3231945037841797,84.50999999999999,1.6714856624603271,86.31666666666666,3.445708990097046,83.88,2.090407609939575,78.83333333333333,3.675304412841797,72.25
70,0.4480106234550476,99.74166666666666,4.43060302734375,98.05,0.526121973991394,99.33999999999999,4.392900466918945,96.84,0.46216854453086853,99.73333333333333,4.448602676391602,95.96000000000001,0.7893823981285095,95.83333333333334,5.114079475402832,90.05,0.42919379472732544,99.57166666666667,4.445949554443359,97.98,0.5489827990531921,98.25333333333333,4.512825012207031,95.85000000000001,0.4782346785068512,99.18333333333334,4.4684882164001465,94.89999999999999,0.9801673889160156,95.16666666666667,5.174015045166016,88.56,0.926128625869751,98.20166666666667,3.986940383911133,96.95,1.1254808902740479,95.16666666666667,4.050929546356201,93.30000000000001,1.1108224391937256,96.56666666666666,4.122387886047363,93.27,1.6318515539169312,91.16666666666666,4.425257205963135,86.32,1.5329493284225464,89.93833333333333,3.2922258377075195,89.07000000000001,1.6746902465820312,84.59333333333333,3.341160774230957,84.49,1.6724432706832886,86.43333333333332,3.440139055252075,84.24000000000001,2.0911738872528076,78.83333333333333,3.661240339279175,71.87
71,0.44677385687828064,99.74333333333333,4.3887248039245605,98.11999999999999,0.5251419544219971,99.35333333333334,4.400374412536621,96.81,0.45963895320892334,99.73333333333333,4.440973281860352,95.94,0.783134937286377,95.83333333333334,5.09332799911499,90.10000000000001,0.43014711141586304,99.58166666666666,4.435647487640381,98.02,0.5463811159133911,98.28666666666666,4.480542182922363,95.94,0.47564616799354553,99.21666666666667,4.490466117858887,94.86,0.9834485650062561,95.33333333333334,5.208607196807861,88.6,0.9255154728889465,98.215,4.000040054321289,96.99,1.1228610277175903,95.19333333333333,3.9997828006744385,93.24,1.1031030416488647,96.78333333333333,4.167911052703857,93.35,1.6302613019943237,91.33333333333333,4.452354907989502,86.45,1.5319433212280273,89.97166666666668,3.30354380607605,88.97,1.6738615036010742,84.67333333333333,3.336646795272827,84.52,1.6771204471588135,86.63333333333333,3.4111406803131104,84.43,2.070864200592041,79.5,3.619136333465576,72.11
72,0.44549331068992615,99.75,4.435110569000244,98.15,0.5213195085525513,99.34666666666668,4.408088207244873,96.78999999999999,0.4585491120815277,99.73333333333333,4.418379783630371,95.78999999999999,0.7847657799720764,95.83333333333334,5.070379257202148,90.10000000000001,0.4278111755847931,99.59166666666667,4.447268009185791,97.92,0.5458331108093262,98.36666666666667,4.517025947570801,95.87,0.4737999439239502,99.25,4.481468200683594,94.78999999999999,0.9523152112960815,95.33333333333334,5.1653008460998535,88.55,0.9250807762145996,98.23833333333334,3.9985265731811523,96.98,1.11922287940979,95.25333333333333,4.02895450592041,93.4,1.1034666299819946,96.83333333333334,4.135428428649902,93.22,1.6283800601959229,91.5,4.462477684020996,86.48,1.5325391292572021,89.97,3.285076141357422,89.47,1.6711513996124268,84.62666666666667,3.3248870372772217,84.32,1.677603840827942,86.55000000000001,3.4372479915618896,84.50999999999999,2.090418815612793,79.83333333333333,3.6608593463897705,72.84
73,0.4439621567726135,99.74666666666666,4.4401164054870605,98.1,0.5206635594367981,99.36666666666667,4.38234806060791,96.77,0.45727014541625977,99.73333333333333,4.4623284339904785,95.82000000000001,0.781076967716217,95.83333333333334,5.110751152038574,90.13,0.4275343120098114,99.58833333333334,4.3983073234558105,97.87,0.5440085530281067,98.32,4.466647624969482,95.89,0.47091442346572876,99.2,4.485799312591553,94.89,0.9475880861282349,95.33333333333334,5.218763828277588,88.62,0.9250633120536804,98.245,3.987659215927124,96.93,1.1151447296142578,95.20666666666666,4.057668685913086,93.37,1.0978461503982544,96.81666666666666,4.170658588409424,93.45,1.6230626106262207,91.5,4.45571756362915,86.31,1.5311050415039062,90.03999999999999,3.3170647621154785,89.61,1.6716772317886353,84.76666666666667,3.3276593685150146,84.32,1.67417311668396,86.81666666666666,3.4457006454467773,84.33,2.0927176475524902,80.66666666666666,3.6378235816955566,72.55
74,0.4430549144744873,99.75,4.363200664520264,98.07000000000001,0.5194249153137207,99.36,4.424455165863037,96.82,0.45534271001815796,99.73333333333333,4.4387431144714355,95.97,0.7701218724250793,95.83333333333334,5.119383335113525,90.05,0.4263690710067749,99.605,4.4547119140625,97.92999999999999,0.5416761636734009,98.36666666666667,4.505250930786133,95.89,0.46987029910087585,99.23333333333333,4.496025562286377,94.84,0.9520864486694336,95.16666666666667,5.24240779876709,88.75,0.9235996007919312,98.22666666666666,4.042758464813232,97.0,1.114336609840393,95.19999999999999,4.034117698669434,93.47,1.1013487577438354,97.06666666666666,4.128159046173096,93.55,1.6131139993667603,91.66666666666666,4.47502326965332,86.42,1.5305346250534058,90.11666666666667,3.3032007217407227,89.23,1.6704188585281372,84.95333333333333,3.3365049362182617,84.58,1.6683592796325684,86.55000000000001,3.4314658641815186,84.1,2.08546781539917,81.0,3.6760754585266113,72.88
